,date_comptage,comptage_h
0,2019-01-01,16494
1,2019-01-02,29655
2,2019-01-03,34463
3,2019-01-04,34933
4,2019-01-05,26668
5,2019-01-06,24881
6,2019-01-07,43401
7,2019-01-08,49366
8,2019-01-09,44580
9,2019-01-10,44070
10,2019-01-11,36358
11,2019-01-12,25040
12,2019-01-13,22863
13,2019-01-14,42409
14,2019-01-15,44975
15,2019-01-16,44349
16,2019-01-17,41666
17,2019-01-18,40449
18,2019-01-19,21480
19,2019-01-20,18158
20,2019-01-21,38223
21,2019-01-22,23957
22,2019-01-23,26778
23,2019-01-24,34309
24,2019-01-25,32859
25,2019-01-26,22835
26,2019-01-27,14138
27,2019-01-28,38556
28,2019-01-29,31637
29,2019-01-30,24272
30,2019-01-31,32154
31,2019-02-01,31882
32,2019-02-02,20462
33,2019-02-03,22585
34,2019-02-04,33562
35,2019-02-05,40661
36,2019-02-06,37089
37,2019-02-07,40828
38,2019-02-08,36407
39,2019-02-09,27387
40,2019-02-10,13004
41,2019-02-11,38770
42,2019-02-12,44325
43,2019-02-13,43681
44,2019-02-14,46362
45,2019-02-15,45663
46,2019-02-16,36933
47,2019-02-17,37624
48,2019-02-18,47447
49,2019-02-19,48608
50,2019-02-20,49005
51,2019-02-21,50661
52,2019-02-22,48703
53,2019-02-23,37506
54,2019-02-24,35997
55,2019-02-25,44006
56,2019-02-26,47928
57,2019-02-27,47674
58,2019-02-28,37789
59,2019-03-01,30427
60,2019-03-02,24148
61,2019-03-03,21681
62,2019-03-04,26953
63,2019-03-05,34024
64,2019-03-06,31835
65,2019-03-07,36286
66,2019-03-08,37958
67,2019-03-09,26277
68,2019-03-10,21971
69,2019-03-11,39188
70,2019-03-12,40011
71,2019-03-13,40687
72,2019-03-14,28065
73,2019-03-15,39305
74,2019-03-16,31749
75,2019-03-17,21735
76,2019-03-18,44879
77,2019-03-19,50247
78,2019-03-20,50063
79,2019-03-21,53534
80,2019-03-22,51402
81,2019-03-23,35260
82,2019-03-24,30014
83,2019-03-25,47190
84,2019-03-26,52349
85,2019-03-27,52053
86,2019-03-28,52140
87,2019-03-29,52409
88,2019-03-30,43263
89,2019-03-31,40702
90,2019-04-01,53189
91,2019-04-02,34708
92,2019-04-03,44695
93,2019-04-04,51263
94,2019-04-05,49212
95,2019-04-06,38921
96,2019-04-07,32419
97,2019-04-08,49724
98,2019-04-09,47933
99,2019-04-10,42362
100,2019-04-11,55067
101,2019-04-12,48559
102,2019-04-13,34551
103,2019-04-14,30410
104,2019-04-15,50105
105,2019-04-16,46196
106,2019-04-17,55503
107,2019-04-18,57267
108,2019-04-19,50657
109,2019-04-20,34106
110,2019-04-21,30040
111,2019-04-22,30082
112,2019-04-23,39745
113,2019-04-24,39638
114,2019-04-25,36758
115,2019-04-26,41927
116,2019-04-27,22968
117,2019-04-28,18857
118,2019-04-29,39706
119,2019-04-30,43913
120,2019-05-01,36964
121,2019-05-02,34996
122,2019-05-03,35163
123,2019-05-04,17275
124,2019-05-05,22211
125,2019-05-06,44618
126,2019-05-07,49751
127,2019-05-08,18367
128,2019-05-09,36810
129,2019-05-10,36281
130,2019-05-11,20101
131,2019-05-12,35969
132,2019-05-13,53619
133,2019-05-14,59143
134,2019-05-15,58508
135,2019-05-16,58036
136,2019-05-17,51026
137,2019-05-18,31295
138,2019-05-19,19782
139,2019-05-20,41337
140,2019-05-21,51324
141,2019-05-22,53978
142,2019-05-23,54697
143,2019-05-24,49775
144,2019-05-25,30806
145,2019-05-26,33610
146,2019-05-27,45445
147,2019-05-28,40871
148,2019-05-29,46007
149,2019-05-30,27744
150,2019-05-31,36520
151,2019-06-01,34314
152,2019-06-02,34546
153,2019-06-03,42789
154,2019-06-04,40478
155,2019-06-05,29151
156,2019-06-06,46641
157,2019-06-07,33803
158,2019-06-08,26969
159,2019-06-09,26734
160,2019-06-10,30276
161,2019-06-11,41727
162,2019-06-12,38482
163,2019-06-13,45909
164,2019-06-14,47902
165,2019-06-15,37837
166,2019-06-16,35170
167,2019-06-17,52593
168,2019-06-18,55989
169,2019-06-19,48003
170,2019-06-20,42318
171,2019-06-21,54041
172,2019-06-22,41047
173,2019-06-23,37571
174,2019-06-24,52213
175,2019-06-25,53893
176,2019-06-26,52797
177,2019-06-27,53324
178,2019-06-28,50754
179,2019-06-29,35497
180,2019-06-30,38617
181,2019-07-01,56617
182,2019-07-02,61925
183,2019-07-03,62128
184,2019-07-04,61441
185,2019-07-05,56698
186,2019-07-06,41925
187,2019-07-07,38468
188,2019-07-08,53978
189,2019-07-09,59114
190,2019-07-10,59332
191,2019-07-11,55479
192,2019-07-12,52540
193,2019-07-13,39301
194,2019-07-14,33781
195,2019-07-15,52805
196,2019-07-16,57621
197,2019-07-17,57719
198,2019-07-18,54066
199,2019-07-19,50953
200,2019-07-20,35523
201,2019-07-21,37232
202,2019-07-22,49429
203,2019-07-23,49951
204,2019-07-24,46562
205,2019-07-25,39953
206,2019-07-26,42441
207,2019-07-27,26071
208,2019-07-28,34005
209,2019-07-29,46388
210,2019-07-30,47651
211,2019-07-31,48556
212,2019-08-01,48602
213,2019-08-02,42979
214,2019-08-03,33103
215,2019-08-04,32242
216,2019-08-05,38742
217,2019-08-06,32335
218,2019-08-07,39878
219,2019-08-08,39901
220,2019-08-09,24209
221,2019-08-10,27679
222,2019-08-11,24377
223,2019-08-12,28312
224,2019-08-13,32298
225,2019-08-14,31815
226,2019-08-15,22946
227,2019-08-16,27189
228,2019-08-17,10959
229,2019-08-18,16487
230,2019-08-19,35737
231,2019-08-20,39971
232,2019-08-21,42510
233,2019-08-22,43816
234,2019-08-23,40726
235,2019-08-24,33608
236,2019-08-25,33705
237,2019-08-26,46069
238,2019-08-27,50959
239,2019-08-28,52495
240,2019-08-29,55090
241,2019-08-30,54109
242,2019-08-31,41703
243,2019-09-01,39621
244,2019-09-02,59458
245,2019-09-03,66400
246,2019-09-04,71715
247,2019-09-05,70142
248,2019-09-06,65853
249,2019-09-07,48902
250,2019-09-08,45314
251,2019-09-09,70212
252,2019-09-10,74058
253,2019-09-11,67512
254,2019-09-12,71132
255,2019-09-13,116888
256,2019-09-14,56006
257,2019-09-15,49508
258,2019-09-16,68424
259,2019-09-17,71222
260,2019-09-18,70581
261,2019-09-19,70117
262,2019-09-20,67561
263,2019-09-21,55250
264,2019-09-22,32379
265,2019-09-23,66818
266,2019-09-24,58209
267,2019-09-25,58512
268,2019-09-26,68872
269,2019-09-27,67945
270,2019-09-28,52455
271,2019-09-29,29984
272,2019-09-30,70645
273,2019-10-01,59692
274,2019-10-02,72487
275,2019-10-03,74094
276,2019-10-04,66264
277,2019-10-05,41499
278,2019-10-06,39549
279,2019-10-07,69962
280,2019-10-08,44166
281,2019-10-09,54536
282,2019-10-10,73979
283,2019-10-11,72420
284,2019-10-12,54772
285,2019-10-13,51529
286,2019-10-14,65758
287,2019-10-15,67892
288,2019-10-16,54191
289,2019-10-17,63327
290,2019-10-18,64186
291,2019-10-19,40723
292,2019-10-20,22866
293,2019-10-21,56515
294,2019-10-22,63614
295,2019-10-23,63632
296,2019-10-24,65635
297,2019-10-25,60745
298,2019-10-26,51563
299,2019-10-27,22575
300,2019-10-28,55016
301,2019-10-29,51706
302,2019-10-30,56830
303,2019-10-31,51528
304,2019-11-01,24013
305,2019-11-02,33037
306,2019-11-03,23136
307,2019-11-04,59414
308,2019-11-05,71596
309,2019-11-06,69456
310,2019-11-07,72235
311,2019-11-08,73666
312,2019-11-09,44629
313,2019-11-10,27350
314,2019-11-11,28679
315,2019-11-12,66114
316,2019-11-13,72684
317,2019-11-14,80220
318,2019-11-15,36559
319,2019-11-16,44925
320,2019-11-17,46533
321,2019-11-18,63202
322,2019-11-19,81323
323,2019-11-20,80311
324,2019-11-21,78615
325,2019-11-22,78944
326,2019-11-23,40487
327,2019-11-24,47923
328,2019-11-25,75190
329,2019-11-26,72254
330,2019-11-27,69187
331,2019-11-28,76922
332,2019-11-29,69606
333,2019-11-30,53964
334,2019-12-01,33634
335,2019-12-02,78706
336,2019-12-03,82677
337,2019-12-04,92120
338,2019-12-05,150768
339,2019-12-06,148895
340,2019-12-07,119982
341,2019-12-08,79250
342,2019-12-09,154450
343,2019-12-10,203434
344,2019-12-11,200481
345,2019-12-12,195178
346,2019-12-13,189041
347,2019-12-14,139526
348,2019-12-15,111806
349,2019-12-16,186560
350,2019-12-17,211383
351,2019-12-18,227049
352,2019-12-19,220613
353,2019-12-20,193675
354,2019-12-21,112213
355,2019-12-22,76301
356,2019-12-23,115900
357,2019-12-24,82412
358,2019-12-25,39579
359,2019-12-26,79778
360,2019-12-27,88304
361,2019-12-28,74996
362,2019-12-29,68896
363,2019-12-30,105075
364,2019-12-31,395
365,2020-01-01,47609
366,2020-01-02,107474
367,2020-01-03,118533
368,2020-01-04,100113
369,2020-01-05,80912
370,2020-01-06,176302
371,2020-01-07,189900
372,2020-01-08,191144
373,2020-01-09,178693
374,2020-01-10,186868
375,2020-01-11,126439
376,2020-01-12,91079
377,2020-01-13,173283
378,2020-01-14,172550
379,2020-01-15,164056
380,2020-01-16,173598
381,2020-01-17,147202
382,2020-01-18,102383
383,2020-01-19,76408
384,2020-01-20,129195
385,2020-01-21,127494
386,2020-01-22,119965
387,2020-01-23,117102
388,2020-01-24,143088
389,2020-01-25,73686
390,2020-01-26,56992
391,2020-01-27,82368
392,2020-01-28,95252
393,2020-01-29,113490
394,2020-01-30,97876
395,2020-01-31,107887
396,2020-02-01,62635
397,2020-02-02,43698
398,2020-02-03,94063
399,2020-02-04,101963
400,2020-02-05,111137
401,2020-02-06,114258
402,2020-02-07,107741
403,2020-02-08,57627
404,2020-02-09,36649
405,2020-02-10,60981
406,2020-02-11,88321
407,2020-02-12,103020
408,2020-02-13,79869
409,2020-02-14,96019
410,2020-02-15,69816
411,2020-02-16,46306
412,2020-02-17,95611
413,2020-02-18,110441
414,2020-02-19,99669
415,2020-02-20,92209
416,2020-02-21,101730
417,2020-02-22,75943
418,2020-02-23,57563
419,2020-02-24,113974
420,2020-02-25,109595
421,2020-02-26,99946
422,2020-02-27,76820
423,2020-02-28,101848
424,2020-02-29,62471
425,2020-03-01,34142
426,2020-03-02,86307
427,2020-03-03,125032
428,2020-03-04,111884
429,2020-03-05,77115
430,2020-03-06,114168
431,2020-03-07,83852
432,2020-03-08,46837
433,2020-03-09,118257
434,2020-03-10,122895
435,2020-03-11,137522
436,2020-03-12,126947
437,2020-03-13,135033
438,2020-03-14,70594
439,2020-03-15,83080
440,2020-03-16,84020
441,2020-03-17,39906
442,2020-03-18,28444
443,2020-03-19,28220
444,2020-03-20,22669
445,2020-03-21,11275
446,2020-03-22,9274
447,2020-03-23,20846
448,2020-03-24,19716
449,2020-03-25,19760
450,2020-03-26,20355
451,2020-03-27,20984
452,2020-03-28,12882
453,2020-03-29,7962
454,2020-03-30,19179
455,2020-03-31,21136
456,2020-04-01,21997
457,2020-04-02,21743
458,2020-04-03,22630
459,2020-04-04,15764
460,2020-04-05,12982
461,2020-04-06,20251
462,2020-04-07,25424
463,2020-04-08,25613
464,2020-04-09,25640
465,2020-04-10,27413
466,2020-04-11,17039
467,2020-04-12,13148
468,2020-04-13,15166
469,2020-04-14,27139
470,2020-04-15,28882
471,2020-04-16,30005
472,2020-04-17,31452
473,2020-04-18,19267
474,2020-04-19,16756
475,2020-04-20,31280
476,2020-04-21,33532
477,2020-04-22,35112
478,2020-04-23,35997
479,2020-04-24,35291
480,2020-04-25,23819
481,2020-04-26,21613
482,2020-04-27,33634
483,2020-04-28,33213
484,2020-04-29,28802
485,2020-04-30,30408
486,2020-05-01,20613
487,2020-05-02,27923
488,2020-05-03,20712
489,2020-05-04,40876
490,2020-05-05,33975
491,2020-05-06,49038
492,2020-05-07,50930
493,2020-05-08,36516
494,2020-05-09,30727
495,2020-05-10,27476
496,2020-05-11,91968
497,2020-05-12,118749
498,2020-05-13,120391
499,2020-05-14,122986
500,2020-05-15,130478
501,2020-05-16,140434
502,2020-05-17,138363
503,2020-05-18,135019
504,2020-05-19,152399
505,2020-05-20,166373
506,2020-05-21,161787
507,2020-05-22,143144
508,2020-05-23,132114
509,2020-05-24,144384
510,2020-05-25,154747
511,2020-05-26,179274
512,2020-05-27,183629
513,2020-05-28,182885
514,2020-05-29,183765
515,2020-05-30,179923
516,2020-05-31,163784
517,2020-06-01,166829
518,2020-06-02,203815
519,2020-06-03,194346
520,2020-06-04,119582
521,2020-06-05,143874
522,2020-06-06,150368
523,2020-06-07,121712
524,2020-06-08,163028
525,2020-06-09,190133
526,2020-06-10,202500
527,2020-06-11,188735
528,2020-06-12,134884
529,2020-06-13,164848
530,2020-06-14,138948
531,2020-06-15,179913
532,2020-06-16,196408
533,2020-06-17,202785
534,2020-06-18,198997
535,2020-06-19,181187
536,2020-06-20,165066
537,2020-06-21,129003
538,2020-06-22,202878
539,2020-06-23,228518
540,2020-06-24,226628
541,2020-06-25,221485
542,2020-06-26,186436
543,2020-06-27,142857
544,2020-06-28,139406
545,2020-06-29,203362
546,2020-06-30,224077
547,2020-07-01,203330
548,2020-07-02,212499
549,2020-07-03,203812
550,2020-07-04,146673
551,2020-07-05,122407
552,2020-07-06,195685
553,2020-07-07,223835
554,2020-07-08,225696
555,2020-07-09,217081
556,2020-07-10,178472
557,2020-07-11,125691
558,2020-07-12,109193
559,2020-07-13,125190
560,2020-07-14,94935
561,2020-07-15,180231
562,2020-07-16,183057
563,2020-07-17,179829
564,2020-07-18,148338
565,2020-07-19,130995
566,2020-07-20,177043
567,2020-07-21,199665
568,2020-07-22,213595
569,2020-07-23,211150
570,2020-07-24,183544
571,2020-07-25,138099
572,2020-07-26,122499
573,2020-07-27,174655
574,2020-07-28,193792
575,2020-07-29,194842
576,2020-07-30,184622
577,2020-07-31,137771
578,2020-08-01,119051
579,2020-08-02,109660
580,2020-08-03,129653
581,2020-08-04,149711
582,2020-08-05,147754
583,2020-08-06,136519
584,2020-08-07,111550
585,2020-08-08,83880
586,2020-08-09,67748
587,2020-08-10,99480
588,2020-08-11,96071
589,2020-08-12,97796
590,2020-08-13,98520
591,2020-08-14,90557
592,2020-08-15,86671
593,2020-08-16,65873
594,2020-08-17,100937
595,2020-08-18,130320
596,2020-08-19,112484
597,2020-08-20,130479
598,2020-08-21,121141
599,2020-08-22,102116
600,2020-08-23,99947
601,2020-08-24,149050
602,2020-08-25,150259
603,2020-08-26,178961
604,2020-08-27,178074
605,2020-08-28,148501
606,2020-08-29,102972
607,2020-08-30,90755
608,2020-08-31,198366
609,2020-09-01,224332
610,2020-09-02,233548
611,2020-09-03,238559
612,2020-09-04,228669
613,2020-09-05,161699
614,2020-09-06,134576
615,2020-09-07,225634
616,2020-09-08,246147
617,2020-09-09,249673
618,2020-09-10,248171
619,2020-09-11,229274
620,2020-09-12,178488
621,2020-09-13,163327
622,2020-09-14,228162
623,2020-09-15,253002
624,2020-09-16,253903
625,2020-09-17,259196
626,2020-09-18,239155
627,2020-09-19,167542
628,2020-09-20,149085
629,2020-09-21,234464
630,2020-09-22,259654
631,2020-09-23,209031
632,2020-09-24,187976
633,2020-09-25,150560
634,2020-09-26,139252
635,2020-09-27,68121
636,2020-09-28,140120
637,2020-09-29,176756
638,2020-09-30,199313
639,2020-10-01,173082
640,2020-10-02,114264
641,2020-10-03,133333
642,2020-10-04,94349
643,2020-10-05,127670
644,2020-10-06,166678
645,2020-10-07,187237
646,2020-10-08,192193
647,2020-10-09,153130
648,2020-10-10,149971
649,2020-10-11,109190
650,2020-10-12,179201
651,2020-10-13,154250
652,2020-10-14,178190
653,2020-10-15,189987
654,2020-10-16,178194
655,2020-10-17,123416
656,2020-10-18,122778
657,2020-10-19,160810
658,2020-10-20,125594
659,2020-10-21,159991
660,2020-10-22,170073
661,2020-10-23,159443
662,2020-10-24,112297
663,2020-10-25,63465
664,2020-10-26,155003
665,2020-10-27,130065
666,2020-10-28,155629
667,2020-10-29,179135
668,2020-10-30,80327
669,2020-10-31,46719
670,2020-11-01,34319
671,2020-11-02,96139
672,2020-11-03,112175
673,2020-11-04,108982
674,2020-11-05,112816
675,2020-11-06,107228
676,2020-11-07,62099
677,2020-11-08,46944
678,2020-11-09,115875
679,2020-11-10,106552
680,2020-11-11,57486
681,2020-11-12,122391
682,2020-11-13,108018
683,2020-11-14,73453
684,2020-11-15,35685
685,2020-11-16,112237
686,2020-11-17,123737
687,2020-11-18,124839
688,2020-11-19,118181
689,2020-11-20,114868
690,2020-11-21,81800
691,2020-11-22,54414
692,2020-11-23,105026
693,2020-11-24,124407
694,2020-11-25,120769
695,2020-11-26,127876
696,2020-11-27,118999
697,2020-11-28,140838
698,2020-11-29,86477
699,2020-11-30,119035
700,2020-12-01,129853
701,2020-12-02,129813
702,2020-12-03,99561
703,2020-12-04,116502
704,2020-12-05,94021
705,2020-12-06,83289
706,2020-12-07,118739
707,2020-12-08,134138
708,2020-12-09,128236
709,2020-12-10,135088
710,2020-12-11,97020
711,2020-12-12,90283
712,2020-12-13,80836
713,2020-12-14,117064
714,2020-12-15,128923
715,2020-12-16,135724
716,2020-12-17,140004
717,2020-12-18,138686
718,2020-12-19,82571
719,2020-12-20,88242
720,2020-12-21,62759
721,2020-12-22,90013
722,2020-12-23,72064
723,2020-12-24,45756
724,2020-12-25,28021
725,2020-12-26,47148
726,2020-12-27,15265
727,2020-12-28,40793
728,2020-12-29,53406
729,2020-12-30,69951
730,2020-12-31,49181
731,2021-01-01,36188
732,2021-01-02,60358
733,2021-01-03,51652
734,2021-01-04,98501
735,2021-01-05,110987
736,2021-01-06,112706
737,2021-01-07,117826
738,2021-01-08,119356
739,2021-01-09,106946
740,2021-01-10,87240
741,2021-01-11,119743
742,2021-01-12,99373
743,2021-01-13,107618
744,2021-01-14,115705
745,2021-01-15,121198
746,2021-01-16,40701
747,2021-01-17,68650
748,2021-01-18,121226
749,2021-01-19,108355
750,2021-01-20,132504
751,2021-01-21,112413
752,2021-01-22,116855
753,2021-01-23,67208
754,2021-01-24,54835
755,2021-01-25,118642
756,2021-01-26,129156
757,2021-01-27,114821
758,2021-01-28,111166
759,2021-01-29,110651
760,2021-01-30,87427
761,2021-01-31,67105
762,2021-02-01,115975
763,2021-02-02,131584
764,2021-02-03,108945
765,2021-02-04,140321
766,2021-02-05,138356
767,2021-02-06,62291
768,2021-02-07,48037
769,2021-02-08,109034
770,2021-02-09,104054
771,2021-02-10,52612
772,2021-02-11,75574
773,2021-02-12,82272
774,2021-02-13,71811
775,2021-02-14,58559
776,2021-02-15,93502
777,2021-02-16,113048
778,2021-02-17,119609
779,2021-02-18,91557
780,2021-02-19,108636
781,2021-02-20,122685
782,2021-02-21,120602
783,2021-02-22,109428
784,2021-02-23,132808
785,2021-02-24,148432
786,2021-02-25,142360
787,2021-02-26,117931
788,2021-02-27,126962
789,2021-02-28,116266
790,2021-03-01,147252
791,2021-03-02,169384
792,2021-03-03,164787
793,2021-03-04,150604
794,2021-03-05,136509
795,2021-03-06,132208
796,2021-03-07,118078
797,2021-03-08,142320
798,2021-03-09,158052
799,2021-03-10,140444
800,2021-03-11,120303
801,2021-03-12,121649
802,2021-03-13,78204
803,2021-03-14,89705
804,2021-03-15,111439
805,2021-03-16,122799
806,2021-03-17,126479
807,2021-03-18,127593
808,2021-03-19,141554
809,2021-03-20,114153
810,2021-03-21,94478
811,2021-03-22,123019
812,2021-03-23,149493
813,2021-03-24,160599
814,2021-03-25,129950
815,2021-03-26,134164
816,2021-03-27,131413
817,2021-03-28,142350
818,2021-03-29,154287
819,2021-03-30,177342
820,2021-03-31,180963
821,2021-04-01,211522
822,2021-04-02,180948
823,2021-04-03,130592
824,2021-04-04,135716
825,2021-04-05,70805
826,2021-04-06,126145
827,2021-04-07,147732
828,2021-04-08,153737
829,2021-04-09,144683
830,2021-04-10,81372
831,2021-04-11,84175
832,2021-04-12,141543
833,2021-04-13,159352
834,2021-04-14,157328
835,2021-04-15,156181
836,2021-04-16,143501
837,2021-04-17,156668
838,2021-04-18,141629
839,2021-04-19,153390
840,2021-04-20,170675
841,2021-04-21,168833
842,2021-04-22,172977
843,2021-04-23,172740
844,2021-04-24,185225
845,2021-04-25,166899
846,2021-04-26,166166
847,2021-04-27,195467
848,2021-04-28,180045
849,2021-04-29,179427
850,2021-04-30,172949
851,2021-05-01,101469
852,2021-05-02,126461
853,2021-05-03,179098
854,2021-05-04,164058
855,2021-05-05,175747
856,2021-05-06,120986
857,2021-05-07,188391
858,2021-05-08,154402
859,2021-05-09,135909
860,2021-05-10,166814
861,2021-05-11,174474
862,2021-05-12,174354
863,2021-05-13,106789
864,2021-05-14,85545
865,2021-05-15,74984
866,2021-05-16,79043
867,2021-05-17,134171
868,2021-05-18,165917
869,2021-05-19,185618
870,2021-05-20,216231
871,2021-05-21,186134
872,2021-05-22,115186
873,2021-05-23,136418
874,2021-05-24,92998
875,2021-05-25,180998
876,2021-05-26,186706
877,2021-05-27,238297
878,2021-05-28,229146
879,2021-05-29,206583
880,2021-05-30,189640
881,2021-05-31,232357
882,2021-06-01,269241
883,2021-06-02,232657
884,2021-06-03,234758
885,2021-06-04,160581
886,2021-06-05,179514
887,2021-06-06,191786
888,2021-06-07,233677
889,2021-06-08,264974
890,2021-06-09,281218
891,2021-06-10,280008
892,2021-06-11,251087
893,2021-06-12,208274
894,2021-06-13,186308
895,2021-06-14,239056
896,2021-06-15,275858
897,2021-06-16,257205
898,2021-06-17,226283
899,2021-06-18,221613
900,2021-06-19,150514
901,2021-06-20,152265
902,2021-06-21,227459
903,2021-06-22,186177
904,2021-06-23,227555
905,2021-06-24,241952
906,2021-06-25,199402
907,2021-06-26,145719
908,2021-06-27,131638
909,2021-06-28,204661
910,2021-06-29,198035
911,2021-06-30,195131
912,2021-07-01,249448
913,2021-07-02,229501
914,2021-07-03,174620
915,2021-07-04,116510
916,2021-07-05,187287
917,2021-07-06,230563
918,2021-07-07,235272
919,2021-07-08,240151
920,2021-07-09,205274
921,2021-07-10,129224
922,2021-07-11,139300
923,2021-07-12,136206
924,2021-07-13,104575
925,2021-07-14,114618
926,2021-07-15,186639
927,2021-07-16,168421
928,2021-07-17,147912
929,2021-07-18,139122
930,2021-07-19,193735
931,2021-07-20,221970
932,2021-07-21,233088
933,2021-07-22,234267
934,2021-07-23,202863
935,2021-07-24,158245
936,2021-07-25,96792
937,2021-07-26,145567
938,2021-07-27,142002
939,2021-07-28,194358
940,2021-07-29,202161
941,2021-07-30,171010
942,2021-07-31,135815
943,2021-08-01,122145
944,2021-08-02,131584
945,2021-08-03,140451
946,2021-08-04,146157
947,2021-08-05,143078
948,2021-08-06,127067
949,2021-08-07,83713
950,2021-08-08,100177
951,2021-08-09,112197
952,2021-08-10,120826
953,2021-08-11,134355
954,2021-08-12,133142
955,2021-08-13,122054
956,2021-08-14,112477
957,2021-08-15,100976
958,2021-08-16,115271
959,2021-08-17,132032
960,2021-08-18,131803
961,2021-08-19,136192
962,2021-08-20,128785
963,2021-08-21,121855
964,2021-08-22,108128
965,2021-08-23,146877
966,2021-08-24,185485
967,2021-08-25,193217
968,2021-08-26,183413
969,2021-08-27,172393
970,2021-08-28,140140
971,2021-08-29,126771
972,2021-08-30,197269
973,2021-08-31,239054
974,2021-09-01,247929
975,2021-09-02,259191
976,2021-09-03,248796
977,2021-09-04,184405
978,2021-09-05,177233
979,2021-09-06,255694
980,2021-09-07,281729
981,2021-09-08,272472
982,2021-09-09,256173
983,2021-09-10,222589
984,2021-09-11,200521
985,2021-09-12,179945
986,2021-09-13,259465
987,2021-09-14,191035
988,2021-09-15,188436
989,2021-09-16,273406
990,2021-09-17,262124
991,2021-09-18,215777
992,2021-09-19,226404
993,2021-09-20,209570
994,2021-09-21,276067
995,2021-09-22,272811
996,2021-09-23,284815
997,2021-09-24,256243
998,2021-09-25,213801
999,2021-09-26,139895
1000,2021-09-27,196737
1001,2021-09-28,267003
1002,2021-09-29,230626
1003,2021-09-30,262940
1004,2021-10-01,186547
1005,2021-10-02,128247
1006,2021-10-03,95545
1007,2021-10-04,228706
1008,2021-10-05,188968
1009,2021-10-06,253493
1010,2021-10-07,260570
1011,2021-10-08,240528
1012,2021-10-09,199037
1013,2021-10-10,172442
1014,2021-10-11,234019
1015,2021-10-12,254989
1016,2021-10-13,251679
1017,2021-10-14,262842
1018,2021-10-15,237680
1019,2021-10-16,197914
1020,2021-10-17,156484
1021,2021-10-18,223835
1022,2021-10-19,264572
1023,2021-10-20,218170
1024,2021-10-21,196759
1025,2021-10-22,213458
1026,2021-10-23,167555
1027,2021-10-24,152608
1028,2021-10-25,170183
1029,2021-10-26,211989
1030,2021-10-27,219939
1031,2021-10-28,217554
1032,2021-10-29,142629
1033,2021-10-30,88943
1034,2021-10-31,82507
1035,2021-11-01,92456
1036,2021-11-02,180585
1037,2021-11-03,184020
1038,2021-11-04,159067
1039,2021-11-05,176225
1040,2021-11-06,157021
1041,2021-11-07,114504
1042,2021-11-08,210925
1043,2021-11-09,228514
1044,2021-11-10,212361
1045,2021-11-11,130646
1046,2021-11-12,163037
1047,2021-11-13,109956
1048,2021-11-14,103129
1049,2021-11-15,193986
1050,2021-11-16,214383
1051,2021-11-17,210834
1052,2021-11-18,225851
1053,2021-11-19,203916
1054,2021-11-20,150328
1055,2021-11-21,93097
1056,2021-11-22,194628
1057,2021-11-23,214498
1058,2021-11-24,209612
1059,2021-11-25,211571
1060,2021-11-26,175264
1061,2021-11-27,94298
1062,2021-11-28,83276
1063,2021-11-29,192349
1064,2021-11-30,209313
1065,2021-12-01,185501
1066,2021-12-02,209251
1067,2021-12-03,133363
1068,2021-12-04,99708
1069,2021-12-05,76204
1070,2021-12-06,158812
1071,2021-12-07,173971
1072,2021-12-08,198760
1073,2021-12-09,202790
1074,2021-12-10,156394
1075,2021-12-11,147239
1076,2021-12-12,109264
1077,2021-12-13,189900
1078,2021-12-14,208136
1079,2021-12-15,207899
1080,2021-12-16,218013
1081,2021-12-17,198685
1082,2021-12-18,152124
1083,2021-12-19,104715
1084,2021-12-20,149438
1085,2021-12-21,151847
1086,2021-12-22,121496
1087,2021-12-23,110167
1088,2021-12-24,62713
1089,2021-12-25,34100
1090,2021-12-26,42752
1091,2021-12-27,70524
1092,2021-12-28,86047
1093,2021-12-29,70934
1094,2021-12-30,106987
1095,2021-12-31,102378
1096,2022-01-01,86150
1097,2022-01-02,90780
1098,2022-01-03,126213
1099,2022-01-04,128976
1100,2022-01-05,167815
1101,2022-01-06,170552
1102,2022-01-07,134204
1103,2022-01-08,76977
1104,2022-01-09,71606
1105,2022-01-10,159174
1106,2022-01-11,174581
1107,2022-01-12,169073
1108,2022-01-13,168474
1109,2022-01-14,165079
1110,2022-01-15,142904
1111,2022-01-16,95575
1112,2022-01-17,162589
1113,2022-01-18,183488
1114,2022-01-19,162608
1115,2022-01-20,173440
1116,2022-01-21,162289
1117,2022-01-22,132701
1118,2022-01-23,102058
1119,2022-01-24,170865
1120,2022-01-25,170225
1121,2022-01-26,167651
1122,2022-01-27,172312
1123,2022-01-28,167135
1124,2022-01-29,126380
1125,2022-01-30,133178
1126,2022-01-31,167112
1127,2022-02-01,164980
1128,2022-02-02,188408
1129,2022-02-03,193505
1130,2022-02-04,165385
1131,2022-02-05,161761
1132,2022-02-06,69669
1133,2022-02-07,191152
1134,2022-02-08,205984
1135,2022-02-09,215185
1136,2022-02-10,182127
1137,2022-02-11,190623
1138,2022-02-12,163323
1139,2022-02-13,127107
1140,2022-02-14,169116
1141,2022-02-15,192950
1142,2022-02-16,180881
1143,2022-02-17,214666
1144,2022-02-18,260865
1145,2022-02-19,159242
1146,2022-02-20,109037
1147,2022-02-21,150008
1148,2022-02-22,172841
1149,2022-02-23,186192
1150,2022-02-24,166622
1151,2022-02-25,158490
1152,2022-02-26,137182
1153,2022-02-27,117814
1154,2022-02-28,161593
1155,2022-03-01,173225
1156,2022-03-02,176630
1157,2022-03-03,177125
1158,2022-03-04,164635
1159,2022-03-05,151135
1160,2022-03-06,128685
1161,2022-03-07,184520
1162,2022-03-08,209353
1163,2022-03-09,216781
1164,2022-03-10,228377
1165,2022-03-11,163283
1166,2022-03-12,127278
1167,2022-03-13,86919
1168,2022-03-14,209129
1169,2022-03-15,158177
1170,2022-03-16,217965
1171,2022-03-17,214632
1172,2022-03-18,208683
1173,2022-03-19,171618
1174,2022-03-20,147789
1175,2022-03-21,215520
1176,2022-03-22,244918
1177,2022-03-23,245866
1178,2022-03-24,251544
1179,2022-03-25,235922
1180,2022-03-26,193533
1181,2022-03-27,168957
1182,2022-03-28,224482
1183,2022-03-29,197002
1184,2022-03-30,170776
1185,2022-03-31,175796
1186,2022-04-01,112543
1187,2022-04-02,127288
1188,2022-04-03,121387
1189,2022-04-04,187147
1190,2022-04-05,183831
1191,2022-04-06,209884
1192,2022-04-07,197783
1193,2022-04-08,93662
1194,2022-04-09,141170
1195,2022-04-10,173863
1196,2022-04-11,237770
1197,2022-04-12,267512
1198,2022-04-13,169432
1199,2022-04-14,266336
1200,2022-04-15,231139
1201,2022-04-16,168715
1202,2022-04-17,148134
1203,2022-04-18,144677
1204,2022-04-19,244085
1205,2022-04-20,252721
1206,2022-04-21,267460
1207,2022-04-22,244556
1208,2022-04-23,160993
1209,2022-04-24,174844
1210,2022-04-25,207788
1211,2022-04-26,221148
1212,2022-04-27,225996
1213,2022-04-28,225169
1214,2022-04-29,193644
1215,2022-04-30,168742
1216,2022-05-01,144451
1217,2022-05-02,194545
1218,2022-05-03,227405
1219,2022-05-04,179596
1220,2022-05-05,177036
1221,2022-05-06,171844
1222,2022-05-07,138996
1223,2022-05-08,130433
1224,2022-05-09,206028
1225,2022-05-10,230179
1226,2022-05-11,228534
1227,2022-05-12,228593
1228,2022-05-13,210223
1229,2022-05-14,172401
1230,2022-05-15,143557
1231,2022-05-16,201409
1232,2022-05-17,236238
1233,2022-05-18,233379
1234,2022-05-19,225919
1235,2022-05-20,155890
1236,2022-05-21,165653
1237,2022-05-22,129676
1238,2022-05-23,149065
1239,2022-05-24,196303
1240,2022-05-25,189907
1241,2022-05-26,116917
1242,2022-05-27,127961
1243,2022-05-28,125221
1244,2022-05-29,103822
1245,2022-05-30,187809
1246,2022-05-31,215432
1247,2022-06-01,222803
1248,2022-06-02,222565
1249,2022-06-03,166988
1250,2022-06-04,103898
1251,2022-06-05,98492
1252,2022-06-06,137683
1253,2022-06-07,194102
1254,2022-06-08,133507
1255,2022-06-09,215215
1256,2022-06-10,202703
1257,2022-06-11,168168
1258,2022-06-12,162251
1259,2022-06-13,210864
1260,2022-06-14,234259
1261,2022-06-15,229076
1262,2022-06-16,230048
1263,2022-06-17,198437
1264,2022-06-18,134488
1265,2022-06-19,127726
1266,2022-06-20,186485
1267,2022-06-21,227765
1268,2022-06-22,219751
1269,2022-06-23,224091
1270,2022-06-24,187696
1271,2022-06-25,115983
1272,2022-06-26,135308
1273,2022-06-27,199898
1274,2022-06-28,236054
1275,2022-06-29,234223
1276,2022-06-30,141503
1277,2022-07-01,190551
1278,2022-07-02,160012
1279,2022-07-03,140903
1280,2022-07-04,204016
1281,2022-07-05,225670
1282,2022-07-06,224037
1283,2022-07-07,210425
1284,2022-07-08,188220
1285,2022-07-09,148067
1286,2022-07-10,138848
1287,2022-07-11,187734
1288,2022-07-12,198565
1289,2022-07-13,171465
1290,2022-07-14,113522
1291,2022-07-15,131187
1292,2022-07-16,114359
1293,2022-07-17,102992
1294,2022-07-18,151711
1295,2022-07-19,158083
1296,2022-07-20,138227
1297,2022-07-21,189198
1298,2022-07-22,147184
1299,2022-07-23,135001
1300,2022-07-24,116019
1301,2022-07-25,164347
1302,2022-07-26,183193
1303,2022-07-27,183128
1304,2022-07-28,178182
1305,2022-07-29,155169
1306,2022-07-30,125770
1307,2022-07-31,111918
1308,2022-08-01,136129
1309,2022-08-02,148752
1310,2022-08-03,140843
1311,2022-08-04,131136
1312,2022-08-05,122462
1313,2022-08-06,106912
1314,2022-08-07,98881
1315,2022-08-08,118244
1316,2022-08-09,125062
1317,2022-08-10,122093
1318,2022-08-11,115849
1319,2022-08-12,99283
1320,2022-08-13,86201
1321,2022-08-14,66255
1322,2022-08-15,79100
1323,2022-08-16,92915
1324,2022-08-17,97549
1325,2022-08-18,125136
1326,2022-08-19,96298
1327,2022-08-20,109141
1328,2022-08-21,102373
1329,2022-08-22,138471
1330,2022-08-23,160354
1331,2022-08-24,164034
1332,2022-08-25,163727
1333,2022-08-26,149397
1334,2022-08-27,135475
1335,2022-08-28,126863
1336,2022-08-29,187095
1337,2022-08-30,208827
1338,2022-08-31,216066
1339,2022-09-01,220602
1340,2022-09-02,179204
1341,2022-09-03,160417
1342,2022-09-04,158885
1343,2022-09-05,202184
1344,2022-09-06,241387
1345,2022-09-07,202618
1346,2022-09-08,209413
