date_comptage,comptage_h
2019-01-01,15.272222222222222
2019-01-02,27.458333333333332
2019-01-03,31.910185185185185
2019-01-04,32.34537037037037
2019-01-05,24.692592592592593
2019-01-06,23.03796296296296
2019-01-07,40.18611111111111
2019-01-08,45.70925925925926
2019-01-09,41.27777777777778
2019-01-10,40.80555555555556
2019-01-11,33.66481481481482
2019-01-12,23.185185185185187
2019-01-13,21.169444444444444
2019-01-14,39.26759259259259
2019-01-15,41.64351851851852
2019-01-16,41.06388888888889
2019-01-17,38.57962962962963
2019-01-18,37.452777777777776
2019-01-19,19.88888888888889
2019-01-20,16.812962962962963
2019-01-21,35.391666666666666
2019-01-22,22.182407407407407
2019-01-23,24.794444444444444
2019-01-24,31.767592592592592
2019-01-25,30.425
2019-01-26,21.14351851851852
2019-01-27,13.09074074074074
2019-01-28,35.7
2019-01-29,29.293518518518518
2019-01-30,22.474074074074075
2019-01-31,29.772222222222222
2019-02-01,29.52037037037037
2019-02-02,18.946296296296296
2019-02-03,20.912037037037038
2019-02-04,31.075925925925926
2019-02-05,37.64907407407407
2019-02-06,34.34166666666667
2019-02-07,37.803703703703704
2019-02-08,33.71018518518518
2019-02-09,25.358333333333334
2019-02-10,12.040740740740741
2019-02-11,35.898148148148145
2019-02-12,41.041666666666664
2019-02-13,40.44537037037037
2019-02-14,42.92777777777778
2019-02-15,42.28055555555556
2019-02-16,34.19722222222222
2019-02-17,34.837037037037035
2019-02-18,43.93240740740741
2019-02-19,45.007407407407406
2019-02-20,45.375
2019-02-21,46.90833333333333
2019-02-22,45.09537037037037
2019-02-23,34.727777777777774
2019-02-24,33.330555555555556
2019-02-25,40.74629629629629
2019-02-26,44.37777777777778
2019-02-27,44.14259259259259
2019-02-28,34.989814814814814
2019-03-01,28.173148148148147
2019-03-02,22.35925925925926
2019-03-03,20.075
2019-03-04,24.956481481481482
2019-03-05,31.503703703703703
2019-03-06,29.47685185185185
2019-03-07,33.59814814814815
2019-03-08,35.1462962962963
2019-03-09,24.330555555555556
2019-03-10,20.34351851851852
2019-03-11,36.285185185185185
2019-03-12,37.047222222222224
2019-03-13,37.67314814814815
2019-03-14,25.98611111111111
2019-03-15,36.39351851851852
2019-03-16,29.397222222222222
2019-03-17,20.125
2019-03-18,41.55462962962963
2019-03-19,46.525
2019-03-20,46.35462962962963
2019-03-21,49.568518518518516
2019-03-22,47.59444444444444
2019-03-23,32.648148148148145
2019-03-24,27.79074074074074
2019-03-25,43.69444444444444
2019-03-26,48.471296296296295
2019-03-27,48.19722222222222
2019-03-28,48.27777777777778
2019-03-29,48.52685185185185
2019-03-30,40.05833333333333
2019-03-31,37.8975791433892
2019-04-01,49.24907407407407
2019-04-02,32.13703703703704
2019-04-03,41.38425925925926
2019-04-04,47.46574074074074
2019-04-05,45.56666666666667
2019-04-06,36.037962962962965
2019-04-07,30.017592592592592
2019-04-08,46.04074074074074
2019-04-09,44.382407407407406
2019-04-10,39.224074074074075
2019-04-11,50.98796296296296
2019-04-12,44.962037037037035
2019-04-13,31.991666666666667
2019-04-14,28.15740740740741
2019-04-15,46.39351851851852
2019-04-16,42.77407407407407
2019-04-17,51.391666666666666
2019-04-18,53.025
2019-04-19,46.90462962962963
2019-04-20,31.57962962962963
2019-04-21,27.814814814814813
2019-04-22,27.853703703703705
2019-04-23,36.800925925925924
2019-04-24,36.70185185185185
2019-04-25,34.035185185185185
2019-04-26,38.821296296296296
2019-04-27,21.266666666666666
2019-04-28,17.460185185185185
2019-04-29,36.76481481481481
2019-04-30,40.660185185185185
2019-05-01,34.22592592592593
2019-05-02,32.403703703703705
2019-05-03,32.55833333333333
2019-05-04,15.99537037037037
2019-05-05,20.56574074074074
2019-05-06,41.31296296296296
2019-05-07,46.06574074074074
2019-05-08,17.006481481481483
2019-05-09,34.083333333333336
2019-05-10,33.59351851851852
2019-05-11,18.612037037037037
2019-05-12,33.30462962962963
2019-05-13,49.647222222222226
2019-05-14,54.76203703703704
2019-05-15,54.17407407407408
2019-05-16,53.737037037037034
2019-05-17,47.24629629629629
2019-05-18,28.97685185185185
2019-05-19,18.316666666666666
2019-05-20,38.275
2019-05-21,47.522222222222226
2019-05-22,49.97962962962963
2019-05-23,50.64537037037037
2019-05-24,46.08796296296296
2019-05-25,28.524074074074075
2019-05-26,31.12037037037037
2019-05-27,42.0787037037037
2019-05-28,37.84351851851852
2019-05-29,42.599074074074075
2019-05-30,25.68888888888889
2019-05-31,33.81481481481482
2019-06-01,31.772222222222222
2019-06-02,31.987037037037037
2019-06-03,39.61944444444445
2019-06-04,37.47962962962963
2019-06-05,26.991666666666667
2019-06-06,43.18611111111111
2019-06-07,31.299074074074074
2019-06-08,24.971296296296295
2019-06-09,24.753703703703703
2019-06-10,28.033333333333335
2019-06-11,38.63611111111111
2019-06-12,35.63148148148148
2019-06-13,42.50833333333333
2019-06-14,44.3537037037037
2019-06-15,35.03425925925926
2019-06-16,32.56481481481482
2019-06-17,48.69722222222222
2019-06-18,51.84166666666667
2019-06-19,44.44722222222222
2019-06-20,39.18333333333333
2019-06-21,50.037962962962965
2019-06-22,38.00648148148148
2019-06-23,34.787962962962965
2019-06-24,48.34537037037037
2019-06-25,49.900925925925925
2019-06-26,48.88611111111111
2019-06-27,49.37407407407407
2019-06-28,46.99444444444445
2019-06-29,32.867592592592594
2019-06-30,35.75648148148148
2019-07-01,52.42314814814815
2019-07-02,57.33796296296296
2019-07-03,57.525925925925925
2019-07-04,56.88981481481481
2019-07-05,52.49814814814815
2019-07-06,38.81944444444444
2019-07-07,35.61851851851852
2019-07-08,49.97962962962963
2019-07-09,54.73518518518519
2019-07-10,54.93703703703704
2019-07-11,51.36944444444445
2019-07-12,48.648148148148145
2019-07-13,36.38981481481481
2019-07-14,31.278703703703705
2019-07-15,48.89351851851852
2019-07-16,53.352777777777774
2019-07-17,53.443518518518516
2019-07-18,50.06111111111111
2019-07-19,47.178703703703704
2019-07-20,32.891666666666666
2019-07-21,34.474074074074075
2019-07-22,45.76759259259259
2019-07-23,46.25092592592593
2019-07-24,43.11296296296296
2019-07-25,36.99351851851852
2019-07-26,39.297222222222224
2019-07-27,24.139814814814816
2019-07-28,31.48611111111111
2019-07-29,42.95185185185185
2019-07-30,44.12129629629629
2019-07-31,44.95925925925926
2019-08-01,45.00185185185185
2019-08-02,39.79537037037037
2019-08-03,30.650925925925925
2019-08-04,29.853703703703705
2019-08-05,35.87222222222222
2019-08-06,29.939814814814813
2019-08-07,36.92407407407408
2019-08-08,36.94537037037037
2019-08-09,22.41574074074074
2019-08-10,25.628703703703703
2019-08-11,22.571296296296296
2019-08-12,26.214814814814815
2019-08-13,29.905555555555555
2019-08-14,29.458333333333332
2019-08-15,21.246296296296297
2019-08-16,25.175
2019-08-17,10.147222222222222
2019-08-18,15.26574074074074
2019-08-19,33.089814814814815
2019-08-20,37.010185185185186
2019-08-21,39.361111111111114
2019-08-22,40.57037037037037
2019-08-23,37.70925925925926
2019-08-24,31.118518518518517
2019-08-25,31.208333333333332
2019-08-26,42.65648148148148
2019-08-27,47.18425925925926
2019-08-28,48.60648148148148
2019-08-29,51.00925925925926
2019-08-30,50.10092592592593
2019-08-31,38.61388888888889
2019-09-01,36.68611111111111
2019-09-02,55.053703703703704
2019-09-03,61.48148148148148
2019-09-04,63.91711229946524
2019-09-05,62.18262411347518
2019-09-06,58.380319148936174
2019-09-07,43.35283687943262
2019-09-08,40.17198581560284
2019-09-09,62.244680851063826
2019-09-10,65.65425531914893
2019-09-11,59.851063829787236
2019-09-12,63.06028368794326
2019-09-13,103.62411347517731
2019-09-14,49.65070921985816
2019-09-15,43.89007092198582
2019-09-16,60.659574468085104
2019-09-17,63.14007092198582
2019-09-18,62.5718085106383
2019-09-19,62.1604609929078
2019-09-20,59.894503546099294
2019-09-21,48.980496453900706
2019-09-22,28.704787234042552
2019-09-23,59.23581560283688
2019-09-24,51.60372340425532
2019-09-25,51.87234042553192
2019-09-26,61.05673758865248
2019-09-27,60.23492907801418
2019-09-28,46.50265957446808
2019-09-29,26.581560283687942
2019-09-30,62.62854609929078
2019-10-01,52.91843971631206
2019-10-02,64.26152482269504
2019-10-03,65.68617021276596
2019-10-04,58.744680851063826
2019-10-05,36.78989361702128
2019-10-06,35.06117021276596
2019-10-07,62.023049645390074
2019-10-08,39.15425531914894
2019-10-09,48.347517730496456
2019-10-10,65.58421985815603
2019-10-11,64.20212765957447
2019-10-12,48.55673758865248
2019-10-13,45.68173758865248
2019-10-14,58.29609929078014
2019-10-15,60.187943262411345
2019-10-16,48.041666666666664
2019-10-17,56.140957446808514
2019-10-18,56.902482269503544
2019-10-19,36.101950354609926
2019-10-20,20.27127659574468
2019-10-21,50.101950354609926
2019-10-22,56.395390070921984
2019-10-23,56.4113475177305
2019-10-24,58.187056737588655
2019-10-25,53.851950354609926
2019-10-26,45.711879432624116
2019-10-27,20.013297872340427
2019-10-28,48.773049645390074
2019-10-29,44.96173913043478
2019-10-30,46.658456486042695
2019-10-31,42.09803921568628
2019-11-01,18.937697160883282
2019-11-02,25.97248427672956
2019-11-03,18.18867924528302
2019-11-04,45.14741641337386
2019-11-05,51.656565656565654
2019-11-06,48.36768802228412
2019-11-07,46.60322580645161
2019-11-08,45.92643391521197
2019-11-09,27.754353233830845
2019-11-10,17.008706467661693
2019-11-11,17.835199004975124
2019-11-12,41.115671641791046
2019-11-13,44.591411042944785
2019-11-14,46.05051664753157
2019-11-15,20.86700913242009
2019-11-16,25.642123287671232
2019-11-17,26.559931506849313
2019-11-18,36.07420091324201
2019-11-19,46.41723744292238
2019-11-20,45.83961187214612
2019-11-21,44.87157534246575
2019-11-22,45.05936073059361
2019-11-23,23.109018264840184
2019-11-24,27.353310502283104
2019-11-25,42.916666666666664
2019-11-26,41.240867579908674
2019-11-27,39.49029680365297
2019-11-28,43.90525114155251
2019-11-29,39.72945205479452
2019-11-30,30.801369863013697
2019-12-01,19.197488584474886
2019-12-02,44.92351598173516
2019-12-03,47.19006849315068
2019-12-04,52.57990867579909
2019-12-05,86.05479452054794
2019-12-06,84.9857305936073
2019-12-07,68.48287671232876
2019-12-08,45.23401826484018
2019-12-09,88.15639269406392
2019-12-10,111.8998899889989
2019-12-11,106.07460317460317
2019-12-12,100.60721649484536
2019-12-13,97.24331275720165
2019-12-14,71.77263374485597
2019-12-15,57.51337448559671
2019-12-16,95.96707818930041
2019-12-17,108.73611111111111
2019-12-18,116.79475308641975
2019-12-19,113.48405349794238
2019-12-20,99.62705761316873
2019-12-21,57.7227366255144
2019-12-22,39.24948559670782
2019-12-23,59.61934156378601
2019-12-24,42.39300411522634
2019-12-25,20.359567901234566
2019-12-26,41.038065843621396
2019-12-27,45.4238683127572
2019-12-28,38.57818930041152
2019-12-29,35.440329218106996
2019-12-30,54.050925925925924
2019-12-31,4.8765432098765435
2020-01-01,24.796354166666667
2020-01-02,55.97604166666667
2020-01-03,61.7359375
2020-01-04,52.1421875
2020-01-05,42.141666666666666
2020-01-06,91.82395833333334
2020-01-07,98.90625
2020-01-08,99.55416666666666
2020-01-09,93.06927083333333
2020-01-10,97.32708333333333
2020-01-11,65.85364583333333
2020-01-12,47.43697916666667
2020-01-13,90.2515625
2020-01-14,89.86979166666667
2020-01-15,85.44583333333334
2020-01-16,90.415625
2020-01-17,76.66770833333334
2020-01-18,53.32447916666667
2020-01-19,39.795833333333334
2020-01-20,67.2890625
2020-01-21,66.403125
2020-01-22,62.481770833333336
2020-01-23,60.990625
2020-01-24,74.525
2020-01-25,38.378125
2020-01-26,29.683333333333334
2020-01-27,42.9
2020-01-28,49.610416666666666
2020-01-29,59.109375
2020-01-30,50.97708333333333
2020-01-31,56.19114583333333
2020-02-01,32.622395833333336
2020-02-02,22.759375
2020-02-03,48.991145833333334
2020-02-04,53.10572916666667
2020-02-05,57.883854166666666
2020-02-06,59.509375
2020-02-07,56.11510416666667
2020-02-08,30.0140625
2020-02-09,19.088020833333335
2020-02-10,31.7609375
2020-02-11,43.98456175298805
2020-02-12,51.101190476190474
2020-02-13,39.617559523809526
2020-02-14,47.62847222222222
2020-02-15,34.63095238095238
2020-02-16,22.96924603174603
2020-02-17,47.42609126984127
2020-02-18,53.6121359223301
2020-02-19,48.28924418604651
2020-02-20,44.6749031007752
2020-02-21,49.28779069767442
2020-02-22,36.79408914728682
2020-02-23,27.8890503875969
2020-02-24,55.21996124031008
2020-02-25,53.09835271317829
2020-02-26,48.423449612403104
2020-02-27,37.218992248062015
2020-02-28,49.34496124031008
2020-02-29,30.266957364341085
2020-03-01,16.541666666666668
2020-03-02,41.815406976744185
2020-03-03,60.57751937984496
2020-03-04,54.207364341085274
2020-03-05,37.361918604651166
2020-03-06,55.31395348837209
2020-03-07,40.62596899224806
2020-03-08,22.69234496124031
2020-03-09,57.29505813953488
2020-03-10,59.542151162790695
2020-03-11,66.62887596899225
2020-03-12,61.50532945736434
2020-03-13,65.42296511627907
2020-03-14,34.20251937984496
2020-03-15,40.251937984496124
2020-03-16,40.707364341085274
2020-03-17,19.334302325581394
2020-03-18,13.781007751937985
2020-03-19,13.672480620155039
2020-03-20,10.983042635658915
2020-03-21,5.462693798449612
2020-03-22,4.493217054263566
2020-03-23,10.099806201550388
2020-03-24,9.55232558139535
2020-03-25,9.573643410852712
2020-03-26,9.861918604651162
2020-03-27,10.166666666666666
2020-03-28,6.241279069767442
2020-03-29,4.025278058645096
2020-03-30,9.292151162790697
2020-03-31,10.24031007751938
2020-04-01,10.657461240310077
2020-04-02,10.5343992248062
2020-04-03,10.964147286821705
2020-04-04,7.637596899224806
2020-04-05,6.2897286821705425
2020-04-06,9.811531007751938
2020-04-07,12.317829457364342
2020-04-08,12.4093992248062
2020-04-09,12.422480620155039
2020-04-10,13.281492248062015
2020-04-11,8.255329457364342
2020-04-12,6.37015503875969
2020-04-13,7.3478682170542635
2020-04-14,13.14874031007752
2020-04-15,13.993217054263566
2020-04-16,14.537306201550388
2020-04-17,15.238372093023257
2020-04-18,9.334786821705427
2020-04-19,8.118217054263566
2020-04-20,15.155038759689923
2020-04-21,16.246124031007753
2020-04-22,17.011627906976745
2020-04-23,17.440406976744185
2020-04-24,17.098352713178294
2020-04-25,11.540213178294573
2020-04-26,10.47141472868217
2020-04-27,16.295542635658915
2020-04-28,16.09156976744186
2020-04-29,13.954457364341085
2020-04-30,14.732558139534884
2020-05-01,9.986918604651162
2020-05-02,13.52858527131783
2020-05-03,10.034883720930232
2020-05-04,19.80426356589147
2020-05-05,16.460755813953487
2020-05-06,23.75872093023256
2020-05-07,24.675387596899224
2020-05-08,17.691860465116278
2020-05-09,14.887112403100776
2020-05-10,13.312015503875969
2020-05-11,44.55813953488372
2020-05-12,57.53343023255814
2020-05-13,58.32897286821706
2020-05-14,59.58624031007752
2020-05-15,63.21608527131783
2020-05-16,68.03972868217055
2020-05-17,67.03633720930233
2020-05-18,65.41618217054264
2020-05-19,73.83672480620154
2020-05-20,78.99952516619183
2020-05-21,76.60369318181819
2020-05-22,67.77651515151516
2020-05-23,62.55397727272727
2020-05-24,68.36363636363636
2020-05-25,73.27035984848484
2020-05-26,84.88352272727273
2020-05-27,87.44238095238096
2020-05-28,87.08809523809524
2020-05-29,87.00994318181819
2020-05-30,85.19081439393939
2020-05-31,77.54924242424242
2020-06-01,78.99100378787878
2020-06-02,96.50331439393939
2020-06-03,92.01988636363636
2020-06-04,56.62026515151515
2020-06-05,68.1221590909091
2020-06-06,71.1969696969697
2020-06-07,57.628787878787875
2020-06-08,77.19128787878788
2020-06-09,90.0250946969697
2020-06-10,95.88068181818181
2020-06-11,89.36316287878788
2020-06-12,63.865530303030305
2020-06-13,78.0530303030303
2020-06-14,65.78977272727273
2020-06-15,85.18607954545455
2020-06-16,92.99621212121212
2020-06-17,96.015625
2020-06-18,94.22206439393939
2020-06-19,85.78929924242425
2020-06-20,78.15625
2020-06-21,61.08096590909091
2020-06-22,96.0596590909091
2020-06-23,108.19981060606061
2020-06-24,107.30492424242425
2020-06-25,104.86979166666667
2020-06-26,88.27462121212122
2020-06-27,67.640625
2020-06-28,66.00662878787878
2020-06-29,96.28882575757575
2020-06-30,106.09706439393939
2020-07-01,96.27367424242425
2020-07-02,100.61505681818181
2020-07-03,96.50189393939394
2020-07-04,69.44744318181819
2020-07-05,57.95785984848485
2020-07-06,92.65388257575758
2020-07-07,105.98248106060606
2020-07-08,106.86363636363636
2020-07-09,102.78456439393939
2020-07-10,84.50378787878788
2020-07-11,59.51278409090909
2020-07-12,51.70123106060606
2020-07-13,59.27556818181818
2020-07-14,44.95028409090909
2020-07-15,85.33664772727273
2020-07-16,86.6747159090909
2020-07-17,85.14630681818181
2020-07-18,70.23579545454545
2020-07-19,62.02414772727273
2020-07-20,83.82717803030303
2020-07-21,94.53835227272727
2020-07-22,95.44012511170688
2020-07-23,93.59485815602837
2020-07-24,81.3581560283688
2020-07-25,61.214095744680854
2020-07-26,54.299202127659576
2020-07-27,77.41799645390071
2020-07-28,85.90070921985816
2020-07-29,86.36613475177305
2020-07-30,82.5310683951721
2020-07-31,61.72535842293907
2020-08-01,53.33826164874552
2020-08-02,49.130824372759854
2020-08-03,58.08826164874552
2020-08-04,67.07482078853046
2020-08-05,66.19802867383513
2020-08-06,61.16442652329749
2020-08-07,49.977598566308245
2020-08-08,37.58064516129032
2020-08-09,30.35304659498208
2020-08-10,44.56989247311828
2020-08-11,43.04256272401434
2020-08-12,43.81541218637993
2020-08-13,44.13978494623656
2020-08-14,40.57213261648746
2020-08-15,38.83109318996416
2020-08-16,29.51299283154122
2020-08-17,45.22267025089606
2020-08-18,59.15569677712211
2020-08-19,50.94384057971015
2020-08-20,59.04027149321267
2020-08-21,53.69725177304964
2020-08-22,45.26418439716312
2020-08-23,44.30274822695036
2020-08-24,66.06826241134752
2020-08-25,66.60416666666667
2020-08-26,79.32668439716312
2020-08-27,78.93351063829788
2020-08-28,65.82491134751773
2020-08-29,45.6436170212766
2020-08-30,40.228280141843975
2020-08-31,87.92819148936171
2020-09-01,99.43794326241135
2020-09-02,103.52304964539007
2020-09-03,105.74423758865248
2020-09-04,101.36037234042553
2020-09-05,71.67508865248227
2020-09-06,59.652482269503544
2020-09-07,100.01507092198581
2020-09-08,109.10771276595744
2020-09-09,110.6706560283688
2020-09-10,110.00487588652483
2020-09-11,101.62854609929079
2020-09-12,79.11702127659575
2020-09-13,72.39671985815603
2020-09-14,101.13563829787235
2020-09-15,112.14627659574468
2020-09-16,112.5456560283688
2020-09-17,114.8918439716312
2020-09-18,106.0084219858156
2020-09-19,74.26507092198581
2020-09-20,66.08377659574468
2020-09-21,103.9290780141844
2020-09-22,115.09485815602837
2020-09-23,92.65558510638297
2020-09-24,83.322695035461
2020-09-25,66.73758865248227
2020-09-26,61.72517730496454
2020-09-27,30.195478723404257
2020-09-28,62.10992907801418
2020-09-29,78.34929078014184
2020-09-30,88.38713968957872
2020-10-01,76.72074468085107
2020-10-02,50.648936170212764
2020-10-03,59.10150709219858
2020-10-04,41.821365248226954
2020-10-05,56.591312056737586
2020-10-06,73.88209219858156
2020-10-07,82.99512411347517
2020-10-08,85.19193262411348
2020-10-09,67.8767730496454
2020-10-10,66.47650709219859
2020-10-11,48.39982269503546
2020-10-12,79.43306737588652
2020-10-13,68.3732269503546
2020-10-14,78.98492907801419
2020-10-15,84.21409574468085
2020-10-16,78.98670212765957
2020-10-17,54.705673758865245
2020-10-18,54.422872340425535
2020-10-19,71.28102836879432
2020-10-20,55.67109929078014
2020-10-21,70.91799645390071
2020-10-22,75.38696808510639
2020-10-23,70.67508865248227
2020-10-24,49.7770390070922
2020-10-25,28.131648936170212
2020-10-26,68.70700354609929
2020-10-27,57.652925531914896
2020-10-28,68.98448581560284
2020-10-29,79.40381205673759
2020-10-30,35.60593971631206
2020-10-31,20.70877659574468
2020-11-01,15.21232269503546
2020-11-02,42.614804964539005
2020-11-03,49.7229609929078
2020-11-04,48.30762411347518
2020-11-05,50.00709219858156
2020-11-06,47.530141843971634
2020-11-07,27.526152482269502
2020-11-08,20.80851063829787
2020-11-09,51.36303191489362
2020-11-10,47.230496453900706
2020-11-11,25.481382978723403
2020-11-12,54.25132978723404
2020-11-13,47.880319148936174
2020-11-14,32.55895390070922
2020-11-15,15.81781914893617
2020-11-16,49.750443262411345
2020-11-17,54.8479609929078
2020-11-18,55.336436170212764
2020-11-19,52.385195035460995
2020-11-20,50.916666666666664
2020-11-21,36.258865248226954
2020-11-22,24.11968085106383
2020-11-23,46.5540780141844
2020-11-24,55.14494680851064
2020-11-25,53.532358156028366
2020-11-26,56.68262411347518
2020-11-27,52.74778368794326
2020-11-28,62.4281914893617
2020-11-29,37.598695652173916
2020-11-30,51.66449652777778
2020-12-01,56.35980902777778
2020-12-02,56.342447916666664
2020-12-03,43.212239583333336
2020-12-04,50.565104166666664
2020-12-05,40.80772569444444
2020-12-06,36.149739583333336
2020-12-07,51.53602430555556
2020-12-08,58.21961805555556
2020-12-09,55.657986111111114
2020-12-10,58.63194444444444
2020-12-11,42.109375
2020-12-12,39.185329861111114
2020-12-13,35.08506944444444
2020-12-14,50.80902777777778
2020-12-15,55.95616319444444
2020-12-16,58.907986111111114
2020-12-17,60.765625
2020-12-18,60.193576388888886
2020-12-19,35.838107638888886
2020-12-20,38.299479166666664
2020-12-21,27.239149305555557
2020-12-22,39.068142361111114
2020-12-23,31.27777777777778
2020-12-24,19.859375
2020-12-25,12.16189236111111
2020-12-26,20.463541666666668
2020-12-27,6.625434027777778
2020-12-28,17.70529513888889
2020-12-29,23.1796875
2020-12-30,30.360677083333332
2020-12-31,21.34592013888889
2021-01-01,9.421504816454048
2021-01-02,15.059381237524951
2021-01-03,12.887225548902196
2021-01-04,24.576097804391217
2021-01-05,27.69136726546906
2021-01-06,28.120259481037923
2021-01-07,29.397704590818364
2021-01-08,29.77944111776447
2021-01-09,26.68313373253493
2021-01-10,21.766467065868262
2021-01-11,29.875998003992017
2021-01-12,24.793662674650697
2021-01-13,26.85079840319361
2021-01-14,28.868512974051896
2021-01-15,30.239021956087825
2021-01-16,10.154940119760479
2021-01-17,17.128243512974052
2021-01-18,30.246007984031937
2021-01-19,27.034680638722556
2021-01-20,33.05988023952096
2021-01-21,28.047155688622755
2021-01-22,29.155439121756487
2021-01-23,16.768463073852296
2021-01-24,13.681387225548903
2021-01-25,29.60129740518962
2021-01-26,32.224550898203596
2021-01-27,28.647954091816366
2021-01-28,27.736027944111775
2021-01-29,27.60753493013972
2021-01-30,21.81312375249501
2021-01-31,16.742764471057885
2021-02-01,28.935878243512974
2021-02-02,32.830339321357286
2021-02-03,27.18188622754491
2021-02-04,35.01022954091816
2021-02-05,34.51996007984032
2021-02-06,15.541666666666666
2021-02-07,11.985279441117765
2021-02-08,27.204091816367267
2021-02-09,25.961576846307384
2021-02-10,13.126746506986027
2021-02-11,18.855788423153694
2021-02-12,20.526946107784433
2021-02-13,17.91691616766467
2021-02-14,14.610528942115769
2021-02-15,23.32884231536926
2021-02-16,28.20558882235529
2021-02-17,29.84256487025948
2021-02-18,22.843562874251496
2021-02-19,27.104790419161677
2021-02-20,30.61002994011976
2021-02-21,30.090319361277444
2021-02-22,27.302395209580837
2021-02-23,33.13572854291417
2021-02-24,37.03393213572854
2021-02-25,35.50124688279302
2021-02-26,29.423902195608783
2021-02-27,31.677145708582835
2021-02-28,29.008483033932137
2021-03-01,36.73952095808383
2021-03-02,42.26147704590819
2021-03-03,41.11452095808383
2021-03-04,37.575848303393215
2021-03-05,34.05913173652694
2021-03-06,32.986027944111775
2021-03-07,29.460578842315368
2021-03-08,35.50898203592814
2021-03-09,39.43413173652694
2021-03-10,35.04091816367266
2021-03-11,30.01571856287425
2021-03-12,30.33640897755611
2021-03-13,19.51197604790419
2021-03-14,22.38707262290991
2021-03-15,27.804141716566868
2021-03-16,30.638473053892216
2021-03-17,31.556636726546905
2021-03-18,31.834580838323355
2021-03-19,35.31786427145708
2021-03-20,28.481287425149702
2021-03-21,23.572355289421157
2021-03-22,30.693363273453095
2021-03-23,37.29865269461078
2021-03-24,40.06961077844311
2021-03-25,32.422654690618764
2021-03-26,33.474051896207584
2021-03-27,32.787674650698605
2021-03-28,37.060661286123405
2021-03-29,38.494760479041915
2021-03-30,44.24700598802395
2021-03-31,45.150449101796404
2021-04-01,75.24795446460334
2021-04-02,68.5409090909091
2021-04-03,49.46666666666667
2021-04-04,51.407575757575756
2021-04-05,26.820075757575758
2021-04-06,47.78219696969697
2021-04-07,55.95909090909091
2021-04-08,58.23371212121212
2021-04-09,54.80416666666667
2021-04-10,30.822727272727274
2021-04-11,31.884469696969695
2021-04-12,53.61477272727273
2021-04-13,60.36060606060606
2021-04-14,59.593939393939394
2021-04-15,59.159469696969694
2021-04-16,54.3564393939394
2021-04-17,59.343939393939394
2021-04-18,53.647348484848486
2021-04-19,58.10227272727273
2021-04-20,64.64962121212122
2021-04-21,63.95189393939394
2021-04-22,65.5215909090909
2021-04-23,65.43181818181819
2021-04-24,70.16098484848484
2021-04-25,63.21931818181818
2021-04-26,62.94166666666667
2021-04-27,74.04053030303031
2021-04-28,68.19886363636364
2021-04-29,67.96477272727273
2021-04-30,65.51098484848485
2021-05-01,38.435227272727275
2021-05-02,47.901893939393936
2021-05-03,67.84015151515152
2021-05-04,62.143181818181816
2021-05-05,66.57083333333334
2021-05-06,45.8280303030303
2021-05-07,71.36022727272727
2021-05-08,58.48560606060606
2021-05-09,51.48068181818182
2021-05-10,63.18712121212121
2021-05-11,66.08863636363637
2021-05-12,66.04318181818182
2021-05-13,40.45037878787879
2021-05-14,32.40340909090909
2021-05-15,28.403030303030302
2021-05-16,29.940530303030304
2021-05-17,50.82234848484848
2021-05-18,62.187781109445275
2021-05-19,69.05431547619048
2021-05-20,80.44308035714286
2021-05-21,69.24627976190476
2021-05-22,42.851934523809526
2021-05-23,50.75074404761905
2021-05-24,34.59747023809524
2021-05-25,67.33556547619048
2021-05-26,69.45907738095238
2021-05-27,88.65215773809524
2021-05-28,85.24776785714286
2021-05-29,76.85379464285714
2021-05-30,70.55059523809524
2021-05-31,86.44233630952381
2021-06-01,100.1640625
2021-06-02,86.55394345238095
2021-06-03,87.33556547619048
2021-06-04,59.739955357142854
2021-06-05,66.78348214285714
2021-06-06,71.34895833333333
2021-06-07,86.93340773809524
2021-06-08,98.5766369047619
2021-06-09,104.61979166666667
2021-06-10,104.16964285714286
2021-06-11,93.41034226190476
2021-06-12,77.4828869047619
2021-06-13,69.3110119047619
2021-06-14,88.93452380952381
2021-06-15,102.62574404761905
2021-06-16,95.68638392857143
2021-06-17,84.18266369047619
2021-06-18,82.4453125
2021-06-19,55.994791666666664
2021-06-20,56.646205357142854
2021-06-21,84.62016369047619
2021-06-22,69.26227678571429
2021-06-23,84.65587797619048
2021-06-24,90.01190476190476
2021-06-25,74.18229166666667
2021-06-26,54.2109375
2021-06-27,48.97247023809524
2021-06-28,76.13876488095238
2021-06-29,73.67373511904762
2021-06-30,73.24737237237237
2021-07-01,93.63663663663664
2021-07-02,86.14902402402403
2021-07-03,65.54804804804805
2021-07-04,43.73498498498498
2021-07-05,70.30292792792793
2021-07-06,86.54767267267268
2021-07-07,88.31531531531532
2021-07-08,90.14677177177177
2021-07-09,77.0548048048048
2021-07-10,48.507507507507505
2021-07-11,52.289789789789786
2021-07-12,51.12837837837838
2021-07-13,39.25487987987988
2021-07-14,43.02477477477478
2021-07-15,70.05968468468468
2021-07-16,63.2210960960961
2021-07-17,55.52252252252252
2021-07-18,52.222972972972975
2021-07-19,72.72334834834835
2021-07-20,83.32207207207207
2021-07-21,87.20089786756454
2021-07-22,87.41305970149254
2021-07-23,75.46986607142857
2021-07-24,58.87090773809524
2021-07-25,36.00892857142857
2021-07-26,54.15438988095238
2021-07-27,52.828125
2021-07-28,72.30580357142857
2021-07-29,75.20870535714286
2021-07-30,63.619791666666664
2021-07-31,50.52641369047619
2021-08-01,45.440848214285715
2021-08-02,48.95238095238095
2021-08-03,52.25111607142857
2021-08-04,54.37388392857143
2021-08-05,53.22842261904762
2021-08-06,47.271949404761905
2021-08-07,31.143229166666668
2021-08-08,37.268229166666664
2021-08-09,41.739955357142854
2021-08-10,44.95014880952381
2021-08-11,49.98325892857143
2021-08-12,49.53199404761905
2021-08-13,45.40699404761905
2021-08-14,41.844122023809526
2021-08-15,37.56547619047619
2021-08-16,42.88355654761905
2021-08-17,49.11904761904762
2021-08-18,49.033854166666664
2021-08-19,50.666666666666664
2021-08-20,47.91108630952381
2021-08-21,45.33296130952381
2021-08-22,40.226190476190474
2021-08-23,54.64174107142857
2021-08-24,69.00483630952381
2021-08-25,71.8813244047619
2021-08-26,68.23400297619048
2021-08-27,64.1343005952381
2021-08-28,52.135416666666664
2021-08-29,47.161830357142854
2021-08-30,73.38876488095238
2021-08-31,88.93377976190476
2021-09-01,92.23549107142857
2021-09-02,96.42522321428571
2021-09-03,93.39189189189189
2021-09-04,69.22109609609609
2021-09-05,66.52890390390391
2021-09-06,95.98123123123123
2021-09-07,105.75412912912913
2021-09-08,102.27927927927928
2021-09-09,96.16103603603604
2021-09-10,83.55442942942943
2021-09-11,75.27064564564564
2021-09-12,67.54692192192192
2021-09-13,97.39677177177177
2021-09-14,71.70983483483484
2021-09-15,72.03211009174312
2021-09-16,104.51299694189602
2021-09-17,100.20030581039755
2021-09-18,82.4835626911315
2021-09-19,86.54587155963303
2021-09-20,80.11085626911316
2021-09-21,105.53019877675841
2021-09-22,105.82273079906905
2021-09-23,108.87423547400611
2021-09-24,97.95221712538226
2021-09-25,81.72821100917432
2021-09-26,53.47668195718654
2021-09-27,74.74810030395136
2021-09-28,100.56610169491526
2021-09-29,87.35833333333333
2021-09-30,99.59848484848484
2021-10-01,70.66174242424242
2021-10-02,48.57840909090909
2021-10-03,36.191287878787875
2021-10-04,87.42584097859327
2021-10-05,71.47049924357034
2021-10-06,95.15503003003003
2021-10-07,97.81156156156156
2021-10-08,90.28828828828829
2021-10-09,74.71358858858859
2021-10-10,64.73048048048048
2021-10-11,87.84496996996997
2021-10-12,95.7165915915916
2021-10-13,94.47409909909909
2021-10-14,98.66441441441441
2021-10-15,89.21921921921921
2021-10-16,74.29204204204204
2021-10-17,58.74024024024024
2021-10-18,84.02214714714715
2021-10-19,98.90542056074766
2021-10-20,81.89564564564564
2021-10-21,73.85848348348348
2021-10-22,80.12687687687688
2021-10-23,62.89602102102102
2021-10-24,57.28528528528528
2021-10-25,63.882507507507505
2021-10-26,79.57545045045045
2021-10-27,82.55968468468468
2021-10-28,81.66441441441441
2021-10-29,53.539414414414416
2021-10-30,33.387012012012015
2021-10-31,30.971096096096097
2021-11-01,34.86274509803921
2021-11-02,67.81261734885467
2021-11-03,69.07657657657657
2021-11-04,59.70983483483484
2021-11-05,66.15052552552552
2021-11-06,58.94181681681682
2021-11-07,42.98198198198198
2021-11-08,79.17605105105105
2021-11-09,85.77852852852853
2021-11-10,79.71509009009009
2021-11-11,49.941131498470945
2021-11-12,62.323012232415905
2021-11-13,42.03211009174312
2021-11-14,39.422400611620795
2021-11-15,74.15366972477064
2021-11-16,81.9506880733945
2021-11-17,80.5940366972477
2021-11-18,86.36749521988527
2021-11-19,78.0988127154347
2021-11-20,57.464831804281346
2021-11-21,35.58753822629969
2021-11-22,74.39908256880734
2021-11-23,81.99464831804282
2021-11-24,80.12691131498471
2021-11-25,80.87576452599389
2021-11-26,66.99694189602447
2021-11-27,36.046636085626915
2021-11-28,31.833333333333332
2021-11-29,73.52790519877676
2021-11-30,78.80760542168674
2021-12-01,68.45055350553505
2021-12-02,77.52908484623934
2021-12-03,49.17514749262537
2021-12-04,36.792619926199265
2021-12-05,28.637354378053363
2021-12-06,59.65890308039069
2021-12-07,65.52580037664784
2021-12-08,73.83358098068351
2021-12-09,75.05181347150258
2021-12-10,57.773919468045804
2021-12-11,54.39194680458072
2021-12-12,41.03041682313181
2021-12-13,71.28378378378379
2021-12-14,78.45307199396909
2021-12-15,78.15751879699248
2021-12-16,80.68578830495929
2021-12-17,73.39674916882157
2021-12-18,56.15503875968992
2021-12-19,38.66875923190547
2021-12-20,55.14317343173432
2021-12-21,56.114929785661495
2021-12-22,44.849021779254336
2021-12-23,40.66703580657069
2021-12-24,23.13279232755441
2021-12-25,12.573746312684365
2021-12-26,15.775645756457564
2021-12-27,26.01401696790852
2021-12-28,31.739948358539284
2021-12-29,26.16525267428993
2021-12-30,39.47859778597786
2021-12-31,38.030460624071324
2022-01-01,31.824898411525673
2022-01-02,33.57248520710059
2022-01-03,47.46634072959759
2022-01-04,47.59261992619926
2022-01-05,60.979287790697676
2022-01-06,63.331600445599705
2022-01-07,49.63165680473373
2022-01-08,28.40479704797048
2022-01-09,26.43263196751569
2022-01-10,58.75747508305648
2022-01-11,64.54011090573013
2022-01-12,62.52699704142012
2022-01-13,62.23642408570373
2022-01-14,61.00480413895048
2022-01-15,52.849112426035504
2022-01-16,35.34578402366864
2022-01-17,60.062430735131144
2022-01-18,67.80783444198079
2022-01-19,60.06944957517547
2022-01-20,64.16574176840548
2022-01-21,59.9294682422452
2022-01-22,49.07581360946745
2022-01-23,37.65977859778598
2022-01-24,63.18971893491124
2022-01-25,62.88326560768378
2022-01-26,62.02404735479097
2022-01-27,63.630723781388475
2022-01-28,61.62794985250738
2022-01-29,46.79007774898186
2022-01-30,49.306923361717885
2022-01-31,61.75609756097561
2022-02-01,60.96821877309682
2022-02-02,69.6260162601626
2022-02-03,71.45679468242245
2022-02-04,60.982669616519175
2022-02-05,59.64638643067847
2022-02-06,25.6891592920354
2022-02-07,70.48377581120944
2022-02-08,75.952802359882
2022-02-09,79.34550147492625
2022-02-10,67.15597345132744
2022-02-11,70.28871681415929
2022-02-12,60.222345132743364
2022-02-13,46.868362831858406
2022-02-14,62.35840707964602
2022-02-15,71.14675516224189
2022-02-16,66.69653392330383
2022-02-17,79.21254612546126
2022-02-18,96.40243902439025
2022-02-19,59.21978430643362
2022-02-20,40.20538348082596
2022-02-21,55.33308742161564
2022-02-22,64.90461885092002
2022-02-23,69.91813743897859
2022-02-24,63.717782026768646
2022-02-25,60.5848623853211
2022-02-26,52.43960244648318
2022-02-27,45.10490045941807
2022-02-28,61.771024464831804
2022-03-01,66.21750764525994
2022-03-02,67.54493307839388
2022-03-03,67.70833333333333
2022-03-04,62.933868501529055
2022-03-05,58.99102263856362
2022-03-06,50.28722157092614
2022-03-07,73.33863275039745
2022-03-08,82.22820109976433
2022-03-09,84.74628616106332
2022-03-10,89.27951524628617
2022-03-11,63.80734661977335
2022-03-12,49.69855525185474
2022-03-13,33.97928068803753
2022-03-14,81.5317738791423
2022-03-15,61.667446393762184
2022-03-16,85.20914777169664
2022-03-17,83.80788754392815
2022-03-18,81.58053166536357
2022-03-19,67.09069585613761
2022-03-20,57.84305283757339
2022-03-21,84.28627297614392
2022-03-22,95.07686335403727
2022-03-23,95.3338503295851
2022-03-24,97.42215336948102
2022-03-25,91.407206509105
2022-03-26,75.01279069767442
2022-03-27,68.37596114933226
2022-03-28,87.07602792862684
2022-03-29,76.23916408668731
2022-03-30,66.01314263625821
2022-03-31,68.00618955512573
2022-04-01,43.452895752895756
2022-04-02,49.202937765751834
2022-04-03,46.99457994579946
2022-04-04,72.48140975987606
2022-04-05,71.0595284112872
2022-04-06,82.56648308418568
2022-04-07,74.69146525679758
2022-04-08,34.84449404761905
2022-04-09,52.51860119047619
2022-04-10,64.6811755952381
2022-04-11,88.45610119047619
2022-04-12,99.52083333333333
2022-04-13,63.032738095238095
2022-04-14,99.97597597597597
2022-04-15,86.76388888888889
2022-04-16,63.33145645645646
2022-04-17,55.60585585585586
2022-04-18,54.30818318318318
2022-04-19,91.62349849849849
2022-04-20,94.86524024024024
2022-04-21,100.39789789789789
2022-04-22,91.80030030030031
2022-04-23,60.432807807807805
2022-04-24,65.63213213213213
2022-04-25,77.99849849849849
2022-04-26,83.01351351351352
2022-04-27,84.83333333333333
2022-04-28,84.52289789789789
2022-04-29,72.6891891891892
2022-04-30,63.341591591591595
2022-05-01,54.223348348348345
2022-05-02,73.0274024024024
2022-05-03,84.72615499254843
2022-05-04,80.46415770609319
2022-05-05,79.31720430107526
2022-05-06,76.9910394265233
2022-05-07,62.274193548387096
2022-05-08,58.437724014336915
2022-05-09,92.30645161290323
2022-05-10,103.12679211469533
2022-05-11,102.38978494623656
2022-05-12,102.41621863799283
2022-05-13,94.18593189964157
2022-05-14,77.24059139784946
2022-05-15,64.31765232974911
2022-05-16,90.23700716845879
2022-05-17,105.84139784946237
2022-05-18,104.56048387096774
2022-05-19,101.2181899641577
2022-05-20,69.8431899641577
2022-05-21,74.21729390681004
2022-05-22,58.73007246376812
2022-05-23,67.51132246376811
2022-05-24,88.42477477477478
2022-05-25,86.00860507246377
2022-05-26,52.90361990950226
2022-05-27,57.95335144927536
2022-05-28,56.71240942028985
2022-05-29,47.020833333333336
2022-05-30,85.05842391304348
2022-05-31,97.56884057971014
2022-06-01,100.90715579710145
2022-06-02,100.79936594202898
2022-06-03,75.6286231884058
2022-06-04,47.055253623188406
2022-06-05,44.606884057971016
2022-06-06,62.35643115942029
2022-06-07,87.90851449275362
2022-06-08,60.4651268115942
2022-06-09,97.4705615942029
2022-06-10,91.80389492753623
2022-06-11,76.16304347826087
2022-06-12,73.48324275362319
2022-06-13,95.5
2022-06-14,105.90370705244123
2022-06-15,103.7481884057971
2022-06-16,104.18840579710145
2022-06-17,89.87182971014492
2022-06-18,60.90942028985507
2022-06-19,58.269160583941606
2022-06-20,86.33564814814815
2022-06-21,105.25184842883549
2022-06-22,99.52490942028986
2022-06-23,101.49048913043478
2022-06-24,85.94139194139194
2022-06-25,53.10576923076923
2022-06-26,61.95421245421245
2022-06-27,91.19434306569343
2022-06-28,105.7589605734767
2022-06-29,104.93862007168458
2022-06-30,63.397401433691755
2022-07-01,86.93020072992701
2022-07-02,73.26556776556777
2022-07-03,64.51602564102564
2022-07-04,93.41391941391942
2022-07-05,104.86524163568774
2022-07-06,104.88623595505618
2022-07-07,97.96322160148976
2022-07-08,88.11797752808988
2022-07-09,69.31975655430712
2022-07-10,65.00374531835206
2022-07-11,87.89044943820225
2022-07-12,92.96114232209737
2022-07-13,81.18607954545455
2022-07-14,53.75094696969697
2022-07-15,62.11505681818182
2022-07-16,54.14725378787879
2022-07-17,48.765151515151516
2022-07-18,72.65852490421456
2022-07-19,75.71024904214559
2022-07-20,66.20067049808429
2022-07-21,90.61206896551724
2022-07-22,70.4904214559387
2022-07-23,64.65565134099617
2022-07-24,55.564655172413794
2022-07-25,77.7421948912015
2022-07-26,83.87957875457876
2022-07-27,83.84981684981685
2022-07-28,81.58516483516483
2022-07-29,71.04807692307692
2022-07-30,57.586996336996336
2022-07-31,51.244505494505496
2022-08-01,62.41586428243925
2022-08-02,68.80296022201665
2022-08-03,64.22389420884633
2022-08-04,59.391304347826086
2022-08-05,55.46286231884058
2022-08-06,48.42028985507246
2022-08-07,44.80335296782963
2022-08-08,53.62539682539683
2022-08-09,56.64039855072464
2022-08-10,55.29574275362319
2022-08-11,52.46784420289855
2022-08-12,44.9651268115942
2022-08-13,39.04030797101449
2022-08-14,30.00679347826087
2022-08-15,35.82427536231884
2022-08-16,42.08106884057971
2022-08-17,44.17980072463768
2022-08-18,56.67391304347826
2022-08-19,43.61322463768116
2022-08-20,49.42980072463768
2022-08-21,46.364583333333336
2022-08-22,62.713315217391305
2022-08-23,72.62409420289855
2022-08-24,74.29076086956522
2022-08-25,74.15172101449275
2022-08-26,67.6616847826087
2022-08-27,61.35643115942029
2022-08-28,57.45606884057971
2022-08-29,84.7350543478261
2022-08-30,94.5774456521739
2022-08-31,97.85597826086956
2022-09-01,99.91032608695652
2022-09-02,81.16123188405797
2022-09-03,72.6526268115942
2022-09-04,71.95878623188406
2022-09-05,91.56884057971014
2022-09-06,109.47256235827665
2022-09-07,91.76539855072464
2022-09-08,94.9718820861678
